DISTRICT_CODE,DIVISION_CODE,DIVISION_NAME,Name_District,Mandal_Code,Name_Mandal,Village_Code,Ward,Level1,VName,TRU,No_HH,TOT_P,TOT_M,TOT_F,P_06,M_06,F_06,P_SC,M_SC,F_SC,P_ST,M_ST,F_ST,P_LIT,M_LIT,F_LIT,P_ILL,M_ILL,F_ILL,TOT_WORK_P,TOT_WORK_M,TOT_WORK_F,MAINWORK_P,MAINWORK_M,MAINWORK_F,MAIN_CL_P,MAIN_CL_M,MAIN_CL_F,MAIN_AL_P,MAIN_AL_M,MAIN_AL_F,MAIN_HH_P,MAIN_HH_M,MAIN_HH_F,MAIN_OT_P,MAIN_OT_M,MAIN_OT_F,MARGWORK_P,MARGWORK_M,MARGWORK_F,MARG_CL_P,MARG_CL_M,MARG_CL_F,MARG_AL_P,MARG_AL_M,MARG_AL_F,MARG_HH_P,MARG_HH_M,MARG_HH_F,MARG_OT_P,MARG_OT_M,MARG_OT_F,MARGWORK_3_6_P,MARGWORK_3_6_M,MARGWORK_3_6_F,MARG_CL_3_6_P,MARG_CL_3_6_M,MARG_CL_3_6_F,MARG_AL_3_6_P,MARG_AL_3_6_M,MARG_AL_3_6_F,MARG_HH_3_6_P,MARG_HH_3_6_M,MARG_HH_3_6_F,MARG_OT_3_6_P,MARG_OT_3_6_M,MARG_OT_3_6_F,MARGWORK_0_3_P,MARGWORK_0_3_M,MARGWORK_0_3_F,MARG_CL_0_3_P,MARG_CL_0_3_M,MARG_CL_0_3_F,MARG_AL_0_3_P,MARG_AL_0_3_M,MARG_AL_0_3_F,MARG_HH_0_3_P,MARG_HH_0_3_M,MARG_HH_0_3_F,MARG_OT_0_3_P,MARG_OT_0_3_M,MARG_OT_0_3_F,NON_WORK_P,NON_WORK_M,NON_WORK_F
11,92,Narsampet,Warangal,07,Nallabelly,578086,0000,VILLAGE,Nandigama,Rural,635,2256,1158,1098,225,119,106,300,165,135,497,252,245,1020,614,406,1236,544,692,1256,616,640,1058,531,527,337,173,164,643,304,339,2,1,1,76,53,23,198,85,113,5,2,3,173,71,102,5,3,2,15,9,6,107,47,60,3,2,1,86,34,52,4,3,1,14,8,6,91,38,53,2,0,2,87,37,50,1,0,1,1,1,0,1000,542,458
11,92,Narsampet,Warangal,07,Nallabelly,578087,0000,VILLAGE,Relakunta,Rural,544,1846,911,935,183,100,83,202,98,104,320,160,160,916,536,380,930,375,555,1103,534,569,961,528,433,290,164,126,623,327,296,17,15,2,31,22,9,142,6,136,1,0,1,138,5,133,1,1,0,2,0,2,142,6,136,1,0,1,138,5,133,1,1,0,2,0,2,0,0,0,0,0,0,0,0,0,0,0,0,0,0,0,743,377,366
11,92,Narsampet,Warangal,07,Nallabelly,578088,0000,VILLAGE,Rangapuram,Rural,548,2113,1085,1028,192,109,83,204,113,91,26,11,15,1202,714,488,911,371,540,1171,587,584,1018,516,502,355,197,158,494,188,306,24,20,4,145,111,34,153,71,82,11,8,3,129,55,74,2,1,1,11,7,4,114,49,65,6,4,2,95,37,58,2,1,1,11,7,4,39,22,17,5,4,1,34,18,16,0,0,0,0,0,0,942,498,444
11,92,Narsampet,Warangal,07,Nallabelly,578089,0000,VILLAGE,Arshanpalli,Rural,404,1550,770,780,142,76,66,240,121,119,4,2,2,854,497,357,696,273,423,832,429,403,800,412,388,126,103,23,571,217,354,3,3,0,100,89,11,32,17,15,1,0,1,18,9,9,1,0,1,12,8,4,14,8,6,1,0,1,7,3,4,0,0,0,6,5,1,18,9,9,0,0,0,11,6,5,1,0,1,6,3,3,718,341,377
11,92,Narsampet,Warangal,07,Nallabelly,578090,0000,VILLAGE,Kannaraopet,Rural,274,1091,555,536,107,55,52,57,32,25,612,315,297,564,344,220,527,211,316,644,305,339,640,304,336,215,161,54,373,105,268,14,13,1,38,25,13,4,1,3,2,0,2,1,0,1,0,0,0,1,1,0,3,1,2,2,0,2,0,0,0,0,0,0,1,1,0,1,0,1,0,0,0,1,0,1,0,0,0,0,0,0,447,250,197
11,92,Narsampet,Warangal,07,Nallabelly,578091,0000,VILLAGE,Govindapuram,Rural,672,2768,1170,1598,329,169,160,61,25,36,1891,765,1126,1272,564,708,1496,606,890,1422,724,698,1180,694,486,277,193,84,794,409,385,4,4,0,105,88,17,242,30,212,71,3,68,157,23,134,1,1,0,13,3,10,238,28,210,71,3,68,153,21,132,1,1,0,13,3,10,4,2,2,0,0,0,4,2,2,0,0,0,0,0,0,1346,446,900
11,92,Narsampet,Warangal,07,Nallabelly,578092,0000,VILLAGE,Kondapur,Rural,194,695,366,329,72,35,37,63,33,30,219,114,105,335,206,129,360,160,200,447,234,213,446,233,213,209,109,100,235,124,111,1,0,1,1,0,1,1,1,0,0,0,0,0,0,0,0,0,0,1,1,0,1,1,0,0,0,0,0,0,0,0,0,0,1,1,0,0,0,0,0,0,0,0,0,0,0,0,0,0,0,0,248,132,116
11,92,Narsampet,Warangal,07,Nallabelly,578093,0000,VILLAGE,Ramapuram,Rural,362,1174,571,603,89,43,46,205,102,103,145,65,80,627,370,257,547,201,346,747,372,375,647,326,321,368,195,173,245,107,138,7,4,3,27,20,7,100,46,54,2,1,1,84,35,49,5,3,2,9,7,2,97,45,52,2,1,1,82,34,48,5,3,2,8,7,1,3,1,2,0,0,0,2,1,1,0,0,0,1,0,1,427,199,228
11,92,Narsampet,Warangal,07,Nallabelly,578094,0000,VILLAGE,Nagarajpalle,Rural,329,1094,566,528,100,57,43,39,23,16,98,51,47,550,334,216,544,232,312,641,332,309,479,291,188,181,163,18,203,39,164,7,5,2,88,84,4,162,41,121,5,0,5,154,41,113,3,0,3,0,0,0,161,41,120,5,0,5,153,41,112,3,0,3,0,0,0,1,0,1,0,0,0,1,0,1,0,0,0,0,0,0,453,234,219
11,92,Narsampet,Warangal,07,Nallabelly,578095,0000,VILLAGE,Shanigaram,Rural,539,1838,936,902,157,87,70,135,68,67,25,14,11,1017,601,416,821,335,486,1036,503,533,1015,495,520,404,254,150,495,146,349,14,10,4,102,85,17,21,8,13,5,4,1,12,1,11,3,2,1,1,1,0,14,5,9,2,2,0,10,1,9,2,2,0,0,0,0,7,3,4,3,2,1,2,0,2,1,0,1,1,1,0,802,433,369
11,92,Narsampet,Warangal,07,Nallabelly,578096,0000,VILLAGE,Ramtheertham,Rural,354,1411,710,701,123,60,63,196,103,93,571,281,290,799,489,310,612,221,391,775,372,403,744,361,383,183,100,83,456,175,281,14,7,7,91,79,12,31,11,20,6,4,2,20,6,14,2,0,2,3,1,2,24,9,15,5,3,2,15,5,10,1,0,1,3,1,2,7,2,5,1,1,0,5,1,4,1,0,1,0,0,0,636,338,298
11,92,Narsampet,Warangal,07,Nallabelly,578097,0000,VILLAGE,Muchimpula,Rural,499,1798,887,911,158,86,72,291,140,151,346,177,169,941,543,398,857,344,513,888,440,448,464,285,179,335,178,157,37,22,15,11,9,2,81,76,5,424,155,269,93,72,21,279,65,214,36,12,24,16,6,10,222,85,137,43,36,7,158,37,121,13,9,4,8,3,5,202,70,132,50,36,14,121,28,93,23,3,20,8,3,5,910,447,463
11,92,Narsampet,Warangal,07,Nallabelly,578098,0000,VILLAGE,Lenkalpalle,Rural,469,1837,934,903,146,83,63,144,76,68,0,0,0,949,565,384,888,369,519,1013,503,510,754,429,325,248,169,79,373,159,214,26,15,11,107,86,21,259,74,185,5,2,3,240,61,179,4,4,0,10,7,3,251,73,178,5,2,3,234,60,174,4,4,0,8,7,1,8,1,7,0,0,0,6,1,5,0,0,0,2,0,2,824,431,393
11,92,Narsampet,Warangal,07,Nallabelly,578099,0000,VILLAGE,Nallabelly,Rural,1334,5205,2613,2592,410,197,213,993,477,516,132,71,61,3400,1988,1412,1805,625,1180,2433,1258,1175,1996,1118,878,459,275,184,1076,457,619,48,37,11,413,349,64,437,140,297,12,10,2,369,100,269,13,8,5,43,22,21,412,133,279,12,10,2,350,97,253,12,7,5,38,19,19,25,7,18,0,0,0,19,3,16,1,1,0,5,3,2,2772,1355,1417
11,92,Narsampet,Warangal,07,Nallabelly,578100,0000,VILLAGE,Narakkapeta,Rural,780,2809,1431,1378,213,126,87,516,259,257,62,32,30,1447,888,559,1362,543,819,1603,787,816,1211,609,602,469,275,194,555,180,375,34,28,6,153,126,27,392,178,214,49,28,21,321,138,183,5,3,2,17,9,8,352,155,197,26,12,14,306,131,175,5,3,2,15,9,6,40,23,17,23,16,7,15,7,8,0,0,0,2,0,2,1206,644,562
11,92,Narsampet,Warangal,07,Nallabelly,578101,0000,VILLAGE,Rudragudem,Rural,672,2918,1678,1240,199,105,94,224,121,103,486,304,182,1814,1261,553,1104,417,687,1605,867,738,1265,621,644,593,285,308,487,189,298,5,5,0,180,142,38,340,246,94,254,222,32,73,17,56,3,2,1,10,5,5,72,18,54,3,2,1,59,11,48,2,2,0,8,3,5,268,228,40,251,220,31,14,6,8,1,0,1,2,2,0,1313,811,502
11,92,Narsampet,Warangal,07,Nallabelly,578102,0000,VILLAGE,Gundlapahad,Rural,531,1919,950,969,158,76,82,113,55,58,710,360,350,983,581,402,936,369,567,991,538,453,751,469,282,408,249,159,222,117,105,3,2,1,118,101,17,240,69,171,47,5,42,179,52,127,0,0,0,14,12,2,240,69,171,47,5,42,179,52,127,0,0,0,14,12,2,0,0,0,0,0,0,0,0,0,0,0,0,0,0,0,928,412,516
11,92,Narsampet,Warangal,07,Nallabelly,578103,0000,VILLAGE,Medapalle,Rural,642,2510,1283,1227,261,149,112,65,30,35,576,292,284,1198,705,493,1312,578,734,1408,718,690,1060,631,429,499,370,129,428,141,287,3,2,1,130,118,12,348,87,261,58,11,47,262,62,200,4,1,3,24,13,11,275,68,207,43,9,34,209,46,163,3,1,2,20,12,8,73,19,54,15,2,13,53,16,37,1,0,1,4,1,3,1102,565,537
11,92,Narsampet,Warangal,07,Nallabelly,578104,0000,VILLAGE,Asaravelli,Rural,180,671,349,322,57,30,27,40,21,19,291,155,136,297,182,115,374,167,207,475,245,230,466,240,226,198,107,91,261,131,130,0,0,0,7,2,5,9,5,4,0,0,0,9,5,4,0,0,0,0,0,0,9,5,4,0,0,0,9,5,4,0,0,0,0,0,0,0,0,0,0,0,0,0,0,0,0,0,0,0,0,0,196,104,92
11,92,Narsampet,Warangal,06,Duggondi,578105,0000,VILLAGE,Laxmipur,Rural,873,3117,1545,1572,280,145,135,581,298,283,8,3,5,1946,1106,840,1171,439,732,1788,878,910,1763,870,893,240,140,100,1427,653,774,2,0,2,94,77,17,25,8,17,5,2,3,19,6,13,0,0,0,1,0,1,20,4,16,3,0,3,16,4,12,0,0,0,1,0,1,5,4,1,2,2,0,3,2,1,0,0,0,0,0,0,1329,667,662
11,92,Narsampet,Warangal,06,Duggondi,578106,0000,VILLAGE,Keshwapur,Rural,171,617,300,317,50,27,23,0,0,0,0,0,0,423,240,183,194,60,134,361,179,182,340,167,173,156,82,74,138,58,80,8,5,3,38,22,16,21,12,9,0,0,0,1,1,0,2,1,1,18,10,8,20,12,8,0,0,0,1,1,0,1,1,0,18,10,8,1,0,1,0,0,0,0,0,0,1,0,1,0,0,0,256,121,135
11,92,Narsampet,Warangal,06,Duggondi,578108,0000,VILLAGE,Muddunoor,Rural,985,3493,1748,1745,328,170,158,755,367,388,19,10,9,1878,1088,790,1615,660,955,2141,1050,1091,2056,1010,1046,817,458,359,1111,475,636,18,4,14,110,73,37,85,40,45,10,2,8,16,10,6,2,2,0,57,26,31,66,31,35,10,2,8,10,7,3,1,1,0,45,21,24,19,9,10,0,0,0,6,3,3,1,1,0,12,5,7,1352,698,654
11,92,Narsampet,Warangal,06,Duggondi,578109,0000,VILLAGE,Duggondi,Rural,1179,4306,2211,2095,379,211,168,767,395,372,60,34,26,2297,1368,929,2009,843,1166,2451,1271,1180,1982,1093,889,679,425,254,1052,469,583,31,21,10,220,178,42,469,178,291,94,46,48,310,91,219,8,3,5,57,38,19,403,152,251,86,42,44,261,73,188,5,2,3,51,35,16,66,26,40,8,4,4,49,18,31,3,1,2,6,3,3,1855,940,915
11,92,Narsampet,Warangal,06,Duggondi,578110,0000,VILLAGE,Mallampalle,Rural,953,3305,1655,1650,261,128,133,510,265,245,11,7,4,1813,1064,749,1492,591,901,1976,985,991,1483,907,576,464,275,189,792,435,357,3,3,0,224,194,30,493,78,415,23,9,14,463,66,397,0,0,0,7,3,4,477,72,405,21,8,13,450,62,388,0,0,0,6,2,4,16,6,10,2,1,1,13,4,9,0,0,0,1,1,0,1329,670,659
11,92,Narsampet,Warangal,06,Duggondi,578111,0000,VILLAGE,Mahmadapur,Rural,940,3340,1680,1660,302,167,135,522,270,252,0,0,0,1672,1007,665,1668,673,995,1928,953,975,1192,743,449,480,362,118,470,164,306,27,23,4,215,194,21,736,210,526,94,62,32,584,106,478,26,20,6,32,22,10,731,210,521,94,62,32,579,106,473,26,20,6,32,22,10,5,0,5,0,0,0,5,0,5,0,0,0,0,0,0,1412,727,685
11,92,Narsampet,Warangal,06,Duggondi,578112,0000,VILLAGE,Venkatapur,Rural,730,2723,1347,1376,220,115,105,315,161,154,142,79,63,1523,896,627,1200,451,749,1508,735,773,1253,646,607,546,283,263,548,226,322,19,16,3,140,121,19,255,89,166,7,1,6,229,75,154,4,3,1,15,10,5,246,87,159,7,1,6,223,75,148,1,1,0,15,10,5,9,2,7,0,0,0,6,0,6,3,2,1,0,0,0,1215,612,603
11,92,Narsampet,Warangal,06,Duggondi,578113,0000,VILLAGE,Reballe,Rural,313,1107,555,552,108,54,54,225,116,109,96,55,41,489,304,185,618,251,367,724,358,366,664,329,335,266,136,130,337,143,194,9,6,3,52,44,8,60,29,31,10,3,7,34,12,22,12,11,1,4,3,1,45,22,23,8,2,6,27,11,16,8,7,1,2,2,0,15,7,8,2,1,1,7,1,6,4,4,0,2,1,1,383,197,186
11,92,Narsampet,Warangal,06,Duggondi,578114,0000,VILLAGE,Ponakal,Rural,479,1755,888,867,138,81,57,177,90,87,5,3,2,922,558,364,833,330,503,1133,555,578,1083,531,552,204,110,94,801,372,429,13,7,6,65,42,23,50,24,26,2,0,2,28,11,17,3,1,2,17,12,5,43,21,22,2,0,2,25,10,15,3,1,2,13,10,3,7,3,4,0,0,0,3,1,2,0,0,0,4,2,2,622,333,289
11,92,Narsampet,Warangal,06,Duggondi,578115,0000,VILLAGE,Nachinepalli,Rural,926,3135,1564,1571,257,131,126,588,292,296,21,12,9,1739,1059,680,1396,505,891,1851,913,938,1798,901,897,392,217,175,1118,461,657,46,18,28,242,205,37,53,12,41,1,1,0,48,9,39,3,1,2,1,1,0,49,11,38,1,1,0,45,9,36,3,1,2,0,0,0,4,1,3,0,0,0,3,0,3,0,0,0,1,1,0,1284,651,633
11,92,Narsampet,Warangal,06,Duggondi,578116,0000,VILLAGE,Adavi_Rangapur,Rural,351,1319,631,688,133,61,72,229,106,123,482,243,239,675,388,287,644,243,401,742,364,378,474,325,149,193,127,66,234,153,81,0,0,0,47,45,2,268,39,229,9,5,4,241,24,217,0,0,0,18,10,8,260,37,223,7,4,3,235,23,212,0,0,0,18,10,8,8,2,6,2,1,1,6,1,5,0,0,0,0,0,0,577,267,310
11,92,Narsampet,Warangal,06,Duggondi,578117,0000,VILLAGE,Madhira Mandapalle,Rural,151,585,294,291,58,27,31,147,74,73,5,2,3,323,181,142,262,113,149,359,184,175,210,176,34,86,77,9,76,57,19,6,6,0,42,36,6,149,8,141,18,1,17,125,4,121,0,0,0,6,3,3,132,7,125,17,1,16,111,4,107,0,0,0,4,2,2,17,1,16,1,0,1,14,0,14,0,0,0,2,1,1,226,110,116
11,92,Narsampet,Warangal,06,Duggondi,578118,0000,VILLAGE,Mandapalle,Rural,1026,3729,1828,1901,339,180,159,602,286,316,600,304,296,1902,1104,798,1827,724,1103,1943,1036,907,1677,967,710,769,424,345,628,307,321,16,14,2,264,222,42,266,69,197,28,8,20,206,49,157,4,1,3,28,11,17,260,69,191,27,8,19,203,49,154,3,1,2,27,11,16,6,0,6,1,0,1,3,0,3,1,0,1,1,0,1,1786,792,994
11,92,Narsampet,Warangal,06,Duggondi,578119,0000,VILLAGE,Thogarrai,Rural,743,2761,1373,1388,255,125,130,265,131,134,28,18,10,1514,869,645,1247,504,743,1504,755,749,1030,701,329,239,197,42,498,253,245,12,9,3,281,242,39,474,54,420,126,15,111,293,24,269,9,1,8,46,14,32,453,46,407,126,15,111,277,19,258,9,1,8,41,11,30,21,8,13,0,0,0,16,5,11,0,0,0,5,3,2,1257,618,639
11,92,Narsampet,Warangal,06,Duggondi,578120,0000,VILLAGE,Rekampalle,Rural,411,1498,761,737,137,74,63,297,158,139,0,0,0,808,478,330,690,283,407,825,416,409,613,343,270,396,224,172,197,107,90,9,5,4,11,7,4,212,73,139,7,2,5,160,37,123,4,2,2,41,32,9,199,69,130,7,2,5,154,37,117,4,2,2,34,28,6,13,4,9,0,0,0,6,0,6,0,0,0,7,4,3,673,345,328
11,92,Narsampet,Warangal,06,Duggondi,578121,0000,VILLAGE,Chalparthi,Rural,387,1484,750,734,123,77,46,306,158,148,0,0,0,880,528,352,604,222,382,846,433,413,378,224,154,165,100,65,124,60,64,19,11,8,70,53,17,468,209,259,3,0,3,377,139,238,4,3,1,84,67,17,437,202,235,2,0,2,351,134,217,4,3,1,80,65,15,31,7,24,1,0,1,26,5,21,0,0,0,4,2,2,638,317,321
11,92,Narsampet,Warangal,06,Duggondi,578122,0000,VILLAGE,Thummampet,Rural,1113,3776,1845,1931,317,158,159,478,240,238,620,300,320,2038,1190,848,1738,655,1083,2150,1058,1092,2051,1029,1022,553,278,275,1205,512,693,33,19,14,260,220,40,99,29,70,12,4,8,66,13,53,3,1,2,18,11,7,85,24,61,12,4,8,56,11,45,2,1,1,15,8,7,14,5,9,0,0,0,10,2,8,1,0,1,3,3,0,1626,787,839
11,91,Warangal,Warangal,18,Warangal,578146,0000,VILLAGE,Paidipalle,Rural,3099,12105,6098,6007,1197,633,564,4553,2287,2266,178,94,84,7914,4572,3342,4191,1526,2665,5383,3358,2025,4102,2861,1241,417,266,151,986,368,618,132,102,30,2567,2125,442,1281,497,784,33,18,15,898,217,681,17,6,11,333,256,77,1195,472,723,32,17,15,844,207,637,12,5,7,307,243,64,86,25,61,1,1,0,54,10,44,5,1,4,26,13,13,6722,2740,3982
11,91,Warangal,Warangal,18,Warangal,578147,0000,VILLAGE,Kothapet,Rural,418,1589,792,797,133,72,61,470,243,227,14,7,7,1011,606,405,578,186,392,765,409,356,759,409,350,127,63,64,416,181,235,23,20,3,193,145,48,6,0,6,0,0,0,4,0,4,0,0,0,2,0,2,3,0,3,0,0,0,1,0,1,0,0,0,2,0,2,3,0,3,0,0,0,3,0,3,0,0,0,0,0,0,824,383,441
11,91,Warangal,Warangal,17,Khilla_Warangal,578154,0000,VILLAGE,Allipur,Rural,357,1329,662,667,131,68,63,166,86,80,7,4,3,767,447,320,562,215,347,726,388,338,513,331,182,138,83,55,105,22,83,4,4,0,266,222,44,213,57,156,8,6,2,126,8,118,2,1,1,77,42,35,166,52,114,7,5,2,91,8,83,2,1,1,66,38,28,47,5,42,1,1,0,35,0,35,0,0,0,11,4,7,603,274,329
11,91,Warangal,Warangal,13,Raiparthy,578285,0000,VILLAGE,Keshavapur,Rural,601,2271,1160,1111,227,133,94,457,244,213,1026,526,500,1029,609,420,1242,551,691,1342,668,674,1298,644,654,859,438,421,384,168,216,4,2,2,51,36,15,44,24,20,16,10,6,26,12,14,0,0,0,2,2,0,8,5,3,2,1,1,4,2,2,0,0,0,2,2,0,36,19,17,14,9,5,22,10,12,0,0,0,0,0,0,929,492,437
11,91,Warangal,Warangal,13,Raiparthy,578286,0000,VILLAGE,Kolanupalle,Rural,637,2725,1364,1361,296,153,143,372,193,179,572,296,276,1262,743,519,1463,621,842,1748,873,875,1273,729,544,605,425,180,495,177,318,17,9,8,156,118,38,475,144,331,98,52,46,358,82,276,2,1,1,17,9,8,319,75,244,29,18,11,278,50,228,1,1,0,11,6,5,156,69,87,69,34,35,80,32,48,1,0,1,6,3,3,977,491,486
11,91,Warangal,Warangal,13,Raiparthy,578287,0000,VILLAGE,Konduru,Rural,830,3279,1632,1647,335,166,169,512,267,245,132,66,66,1745,1031,714,1534,601,933,1714,896,818,1351,824,527,378,309,69,809,371,438,58,51,7,106,93,13,363,72,291,7,5,2,278,34,244,25,10,15,53,23,30,326,57,269,7,5,2,264,33,231,14,4,10,41,15,26,37,15,22,0,0,0,14,1,13,11,6,5,12,8,4,1565,736,829
11,91,Warangal,Warangal,13,Raiparthy,578288,0000,VILLAGE,Gannaram,Rural,364,1386,692,694,140,66,74,257,126,131,0,0,0,715,434,281,671,258,413,754,372,382,568,352,216,147,126,21,334,149,185,10,10,0,77,67,10,186,20,166,2,0,2,166,13,153,15,4,11,3,3,0,158,9,149,2,0,2,148,7,141,7,1,6,1,1,0,28,11,17,0,0,0,18,6,12,8,3,5,2,2,0,632,320,312
11,91,Warangal,Warangal,13,Raiparthy,578289,0000,VILLAGE,Thirmalayapalle,Rural,721,2833,1464,1369,255,143,112,424,239,185,639,331,308,1514,930,584,1319,534,785,1528,792,736,1519,790,729,488,275,213,867,376,491,3,3,0,161,136,25,9,2,7,1,1,0,6,0,6,0,0,0,2,1,1,6,0,6,0,0,0,5,0,5,0,0,0,1,0,1,3,2,1,1,1,0,1,0,1,0,0,0,1,1,0,1305,672,633
11,91,Warangal,Warangal,13,Raiparthy,578290,0000,VILLAGE,Raiparthy,Rural,1959,8618,3851,4767,793,408,385,2614,1060,1554,864,375,489,4925,2343,2582,3693,1508,2185,3816,2050,1766,2800,1688,1112,540,401,139,1569,723,846,48,44,4,643,520,123,1016,362,654,30,22,8,847,266,581,10,4,6,129,70,59,982,353,629,30,22,8,823,260,563,10,4,6,119,67,52,34,9,25,0,0,0,24,6,18,0,0,0,10,3,7,4802,1801,3001
11,91,Warangal,Warangal,13,Raiparthy,578291,0000,VILLAGE,Kothur,Rural,1311,5346,2698,2648,581,314,267,871,422,449,1732,884,848,2543,1528,1015,2803,1170,1633,3285,1689,1596,2588,1458,1130,1168,729,439,944,383,561,49,31,18,427,315,112,697,231,466,88,52,36,451,92,359,7,0,7,151,87,64,572,160,412,19,11,8,405,68,337,6,0,6,142,81,61,125,71,54,69,41,28,46,24,22,1,0,1,9,6,3,2061,1009,1052
11,91,Warangal,Warangal,13,Raiparthy,578292,0000,VILLAGE,Perikaid,Rural,1433,5758,2933,2825,601,299,302,484,234,250,1875,973,902,2633,1567,1066,3125,1366,1759,3095,1627,1468,2889,1582,1307,1170,748,422,1288,468,820,9,6,3,422,360,62,206,45,161,43,22,21,148,17,131,2,0,2,13,6,7,189,38,151,30,16,14,144,16,128,2,0,2,13,6,7,17,7,10,13,6,7,4,1,3,0,0,0,0,0,0,2663,1306,1357
11,91,Warangal,Warangal,13,Raiparthy,578293,0000,VILLAGE,Mylaram,Rural,977,3713,1854,1859,305,169,136,970,475,495,315,165,150,1967,1159,808,1746,695,1051,1758,905,853,1458,800,658,564,318,246,638,275,363,47,32,15,209,175,34,300,105,195,10,2,8,261,86,175,5,2,3,24,15,9,281,99,182,9,2,7,245,82,163,3,0,3,24,15,9,19,6,13,1,0,1,16,4,12,2,2,0,0,0,0,1955,949,1006
11,91,Warangal,Warangal,13,Raiparthy,578294,0000,VILLAGE,Muripirala,Rural,783,3094,1580,1514,345,189,156,594,312,282,1000,517,483,1507,907,600,1587,673,914,1673,846,827,1618,823,795,386,280,106,962,339,623,21,13,8,249,191,58,55,23,32,2,1,1,35,9,26,2,1,1,16,12,4,52,21,31,2,1,1,34,9,25,2,1,1,14,10,4,3,2,1,0,0,0,1,0,1,0,0,0,2,2,0,1421,734,687
11,91,Warangal,Warangal,13,Raiparthy,578295,0000,VILLAGE,Burahanpalle,Rural,409,1732,860,872,178,94,84,171,85,86,311,151,160,865,500,365,867,360,507,930,489,441,896,485,411,311,162,149,269,77,192,0,0,0,316,246,70,34,4,30,2,1,1,31,2,29,0,0,0,1,1,0,26,1,25,0,0,0,26,1,25,0,0,0,0,0,0,8,3,5,2,1,1,5,1,4,0,0,0,1,1,0,802,371,431
11,91,Warangal,Warangal,13,Raiparthy,578296,0000,VILLAGE,Katrapalle,Rural,615,2395,1204,1191,235,121,114,458,232,226,27,15,12,1329,813,516,1066,391,675,1301,674,627,1035,612,423,289,193,96,531,237,294,20,16,4,195,166,29,266,62,204,6,2,4,226,46,180,3,0,3,31,14,17,249,58,191,5,1,4,212,44,168,3,0,3,29,13,16,17,4,13,1,1,0,14,2,12,0,0,0,2,1,1,1094,530,564
11,91,Warangal,Warangal,13,Raiparthy,578297,0000,VILLAGE,Pothireddipalle,Rural,439,1785,934,851,183,88,95,218,117,101,898,477,421,825,522,303,960,412,548,991,531,460,981,525,456,576,337,239,299,113,186,6,5,1,100,70,30,10,6,4,0,0,0,4,1,3,3,3,0,3,2,1,10,6,4,0,0,0,4,1,3,3,3,0,3,2,1,0,0,0,0,0,0,0,0,0,0,0,0,0,0,0,794,403,391
11,91,Warangal,Warangal,13,Raiparthy,578298,0000,VILLAGE,Sannur,Rural,904,3667,1817,1850,408,209,199,594,296,298,1604,817,787,1595,932,663,2072,885,1187,2007,1041,966,1408,820,588,847,524,323,297,91,206,20,14,6,244,191,53,599,221,378,88,39,49,417,123,294,13,9,4,81,50,31,567,210,357,78,34,44,398,118,280,13,9,4,78,49,29,32,11,21,10,5,5,19,5,14,0,0,0,3,1,2,1660,776,884
11,91,Warangal,Warangal,13,Raiparthy,578299,0000,VILLAGE,Jagannadhapalle,Rural,351,1514,767,747,181,104,77,180,91,89,798,415,383,674,405,269,840,362,478,838,428,410,637,417,220,336,244,92,240,120,120,3,1,2,58,52,6,201,11,190,0,0,0,197,10,187,0,0,0,4,1,3,201,11,190,0,0,0,197,10,187,0,0,0,4,1,3,0,0,0,0,0,0,0,0,0,0,0,0,0,0,0,676,339,337
11,91,Warangal,Warangal,13,Raiparthy,578300,0000,VILLAGE,Gattikal,Rural,428,1735,877,858,199,113,86,172,89,83,768,389,379,768,448,320,967,429,538,704,469,235,680,464,216,491,318,173,83,50,33,9,8,1,97,88,9,24,5,19,4,2,2,16,1,15,1,1,0,3,1,2,24,5,19,4,2,2,16,1,15,1,1,0,3,1,2,0,0,0,0,0,0,0,0,0,0,0,0,0,0,0,1031,408,623
11,91,Warangal,Warangal,13,Raiparthy,578301,0000,VILLAGE,Kondapur_PR,Rural,463,1827,903,924,157,78,79,123,60,63,38,20,18,1065,613,452,762,290,472,928,485,443,892,461,431,157,104,53,630,269,361,13,11,2,92,77,15,36,24,12,2,1,1,20,10,10,1,1,0,13,12,1,32,23,9,2,1,1,17,9,8,1,1,0,12,12,0,4,1,3,0,0,0,3,1,2,0,0,0,1,0,1,899,418,481
11,91,Warangal,Warangal,13,Raiparthy,578302,0000,VILLAGE,Ookal_PR,Rural,673,2511,1275,1236,278,154,124,452,239,213,517,277,240,1194,690,504,1317,585,732,1333,711,622,1274,697,577,559,314,245,566,261,305,28,23,5,121,99,22,59,14,45,0,0,0,52,9,43,1,1,0,6,4,2,49,9,40,0,0,0,43,5,38,1,1,0,5,3,2,10,5,5,0,0,0,9,4,5,0,0,0,1,1,0,1178,564,614
11,91,Warangal,Warangal,12,Wardhannapet,578307,0000,VILLAGE,Chennaram,Rural,742,2745,1366,1379,274,144,130,481,234,247,6,2,4,1465,864,601,1280,502,778,1375,756,619,1075,667,408,343,220,123,405,158,247,6,4,2,321,285,36,300,89,211,0,0,0,253,49,204,2,1,1,45,39,6,249,73,176,0,0,0,214,43,171,2,1,1,33,29,4,51,16,35,0,0,0,39,6,33,0,0,0,12,10,2,1370,610,760
11,91,Warangal,Warangal,12,Wardhannapet,578308,0000,VILLAGE,Upparapalle,Rural,614,2231,1110,1121,180,91,89,626,322,304,30,13,17,1209,724,485,1022,386,636,1214,649,565,992,593,399,351,281,70,373,116,257,82,48,34,186,148,38,222,56,166,22,8,14,183,35,148,6,5,1,11,8,3,214,54,160,22,8,14,175,33,142,6,5,1,11,8,3,8,2,6,0,0,0,8,2,6,0,0,0,0,0,0,1017,461,556
11,91,Warangal,Warangal,12,Wardhannapet,578309,0000,VILLAGE,Nallabelle,Rural,1189,4527,2276,2251,435,225,210,791,409,382,1351,664,687,2560,1503,1057,1967,773,1194,2274,1266,1008,1976,1144,832,556,387,169,933,444,489,46,32,14,441,281,160,298,122,176,11,4,7,165,54,111,31,13,18,91,51,40,240,113,127,7,3,4,128,49,79,25,12,13,80,49,31,58,9,49,4,1,3,37,5,32,6,1,5,11,2,9,2253,1010,1243
11,91,Warangal,Warangal,12,Wardhannapet,578310,0000,VILLAGE,Katryal,Rural,939,3690,1891,1799,383,196,187,490,256,234,701,369,332,1841,1144,697,1849,747,1102,1848,931,917,1650,869,781,625,336,289,621,191,430,1,1,0,403,341,62,198,62,136,34,19,15,129,21,108,0,0,0,35,22,13,166,45,121,20,10,10,113,14,99,0,0,0,33,21,12,32,17,15,14,9,5,16,7,9,0,0,0,2,1,1,1842,960,882
11,91,Warangal,Warangal,12,Wardhannapet,578311,0000,VILLAGE,Yellandu,Rural,1878,7252,3745,3507,651,356,295,1767,942,825,110,65,45,4359,2636,1723,2893,1109,1784,3410,1978,1432,3044,1857,1187,485,359,126,1478,596,882,120,87,33,961,815,146,366,121,245,5,3,2,331,101,230,11,6,5,19,11,8,349,114,235,5,3,2,323,99,224,4,2,2,17,10,7,17,7,10,0,0,0,8,2,6,7,4,3,2,1,1,3842,1767,2075
11,91,Warangal,Warangal,12,Wardhannapet,578314,0000,VILLAGE,Bandauthapur,Rural,754,2837,1419,1418,256,140,116,1669,828,841,20,10,10,1489,839,650,1348,580,768,1625,822,803,1208,689,519,263,207,56,830,386,444,4,3,1,111,93,18,417,133,284,4,0,4,363,94,269,7,3,4,43,36,7,405,128,277,3,0,3,357,93,264,5,2,3,40,33,7,12,5,7,1,0,1,6,1,5,2,1,1,3,3,0,1212,597,615
11,91,Warangal,Warangal,12,Wardhannapet,578315,0000,VILLAGE,Dammannapeta,Rural,988,3932,2009,1923,343,184,159,1067,545,522,15,8,7,2164,1312,852,1768,697,1071,1970,1068,902,1950,1062,888,317,245,72,1363,593,770,7,7,0,263,217,46,20,6,14,0,0,0,12,2,10,1,0,1,7,4,3,19,6,13,0,0,0,11,2,9,1,0,1,7,4,3,1,0,1,0,0,0,1,0,1,0,0,0,0,0,0,1962,941,1021
11,91,Warangal,Warangal,12,Wardhannapet,578316,0000,VILLAGE,Divitipalle,Rural,236,883,424,459,77,33,44,263,128,135,4,3,1,493,281,212,390,143,247,493,254,239,360,242,118,167,161,6,153,48,105,3,3,0,37,30,7,133,12,121,5,1,4,126,10,116,0,0,0,2,1,1,132,12,120,4,1,3,126,10,116,0,0,0,2,1,1,1,0,1,1,0,1,0,0,0,0,0,0,0,0,0,390,170,220
11,91,Warangal,Warangal,12,Wardhannapet,578317,0000,VILLAGE,Ramavaram,Rural,347,1470,738,732,132,64,68,391,192,199,0,0,0,754,441,313,716,297,419,858,431,427,812,414,398,167,139,28,590,239,351,34,21,13,21,15,6,46,17,29,2,1,1,40,14,26,1,0,1,3,2,1,44,17,27,2,1,1,38,14,24,1,0,1,3,2,1,2,0,2,0,0,0,2,0,2,0,0,0,0,0,0,612,307,305
11,91,Warangal,Warangal,12,Wardhannapet,578318,0000,VILLAGE,Wardhannapet,Rural,3050,13715,6876,6839,1498,747,751,2470,1174,1296,3980,2080,1900,7763,4454,3309,5952,2422,3530,6067,3444,2623,4883,3054,1829,1492,1033,459,1684,699,985,54,38,16,1653,1284,369,1184,390,794,80,40,40,770,174,596,32,16,16,302,160,142,1144,377,767,78,39,39,748,169,579,31,16,15,287,153,134,40,13,27,2,1,1,22,5,17,1,0,1,15,7,8,7648,3432,4216
11,91,Warangal,Warangal,12,Wardhannapet,578319,0000,VILLAGE,Kothapalle_PR,Rural,538,2079,1010,1069,180,85,95,383,185,198,32,17,15,1196,690,506,883,320,563,1161,601,560,1137,577,560,379,223,156,611,239,372,7,7,0,140,108,32,24,24,0,0,0,0,3,3,0,9,9,0,12,12,0,3,3,0,0,0,0,1,1,0,0,0,0,2,2,0,21,21,0,0,0,0,2,2,0,9,9,0,10,10,0,918,409,509
11,91,Warangal,Warangal,12,Wardhannapet,578320,0000,VILLAGE,Liaberthy,Rural,840,3193,1598,1595,276,149,127,767,378,389,262,139,123,1832,1105,727,1361,493,868,1767,916,851,1746,907,839,309,197,112,1146,445,701,30,28,2,261,237,24,21,9,12,2,0,2,9,3,6,1,1,0,9,5,4,19,7,12,2,0,2,7,1,6,1,1,0,9,5,4,2,2,0,0,0,0,2,2,0,0,0,0,0,0,0,1426,682,744
11,91,Warangal,Warangal,17,Khilla_Warangal,578321,0000,VILLAGE,Bollikunta,Rural,1038,4116,2097,2019,314,160,154,1402,718,684,81,42,39,2588,1521,1067,1528,576,952,2112,1108,1004,1916,1003,913,322,221,101,1058,365,693,34,19,15,502,398,104,196,105,91,5,2,3,45,11,34,18,10,8,128,82,46,171,90,81,4,2,2,34,9,25,18,10,8,115,69,46,25,15,10,1,0,1,11,2,9,0,0,0,13,13,0,2004,989,1015
11,91,Warangal,Warangal,17,Khilla_Warangal,578322,0000,VILLAGE,Gadepalle,Rural,811,2968,1488,1480,320,168,152,973,492,481,8,3,5,1735,1010,725,1233,478,755,1690,876,814,1602,856,746,439,298,141,808,272,536,14,8,6,341,278,63,88,20,68,15,1,14,58,13,45,0,0,0,15,6,9,67,19,48,3,0,3,53,13,40,0,0,0,11,6,5,21,1,20,12,1,11,5,0,5,0,0,0,4,0,4,1278,612,666
11,91,Warangal,Warangal,11,Sangem,578323,0000,VILLAGE,Venkatapur_Haveli,Rural,375,1368,667,701,141,74,67,263,128,135,56,34,22,826,464,362,542,203,339,699,355,344,696,355,341,111,78,33,413,126,287,0,0,0,172,151,21,3,0,3,1,0,1,1,0,1,0,0,0,1,0,1,3,0,3,1,0,1,1,0,1,0,0,0,1,0,1,0,0,0,0,0,0,0,0,0,0,0,0,0,0,0,669,312,357
11,91,Warangal,Warangal,11,Sangem,578324,0000,VILLAGE,Katrepale_Haveli,Rural,786,2766,1351,1415,218,121,97,580,284,296,17,6,11,1548,880,668,1218,471,747,1508,785,723,1169,700,469,348,239,109,517,244,273,5,3,2,299,214,85,339,85,254,67,12,55,219,40,179,1,1,0,52,32,20,321,81,240,64,11,53,204,37,167,1,1,0,52,32,20,18,4,14,3,1,2,15,3,12,0,0,0,0,0,0,1258,566,692
11,91,Warangal,Warangal,11,Sangem,578325,0000,VILLAGE,Kapulakanaparthy,Rural,976,3711,1863,1848,302,162,140,885,439,446,40,19,21,2261,1327,934,1450,536,914,2258,1164,1094,2143,1136,1007,650,363,287,937,361,576,64,49,15,492,363,129,115,28,87,2,1,1,106,25,81,1,0,1,6,2,4,114,28,86,2,1,1,106,25,81,1,0,1,5,2,3,1,0,1,0,0,0,0,0,0,0,0,0,1,0,1,1453,699,754
11,91,Warangal,Warangal,11,Sangem,578326,0000,VILLAGE,Gavicherla,Rural,1169,4182,2075,2107,346,178,168,823,389,434,85,43,42,2473,1442,1031,1709,633,1076,2208,1197,1011,1313,880,433,502,397,105,531,234,297,15,10,5,265,239,26,895,317,578,23,3,20,746,227,519,35,29,6,91,58,33,845,302,543,22,3,19,710,218,492,35,29,6,78,52,26,50,15,35,1,0,1,36,9,27,0,0,0,13,6,7,1974,878,1096
11,91,Warangal,Warangal,11,Sangem,578327,0000,VILLAGE,Ramachandrapur,Rural,589,2146,1067,1079,186,98,88,427,226,201,18,8,10,1221,717,504,925,350,575,1154,587,567,1041,562,479,423,256,167,503,205,298,14,11,3,101,90,11,113,25,88,3,0,3,87,12,75,3,2,1,20,11,9,23,11,12,2,0,2,12,4,8,2,2,0,7,5,2,90,14,76,1,0,1,75,8,67,1,0,1,13,6,7,992,480,512
11,91,Warangal,Warangal,11,Sangem,578328,0000,VILLAGE,Lohitha,Rural,591,2235,1121,1114,212,100,112,408,214,194,537,252,285,1185,706,479,1050,415,635,1171,610,561,955,547,408,230,173,57,558,230,328,24,22,2,143,122,21,216,63,153,1,1,0,191,51,140,0,0,0,24,11,13,206,60,146,1,1,0,186,51,135,0,0,0,19,8,11,10,3,7,0,0,0,5,0,5,0,0,0,5,3,2,1064,511,553
11,91,Warangal,Warangal,11,Sangem,578329,0000,VILLAGE,Shapur,Rural,352,1391,706,685,145,68,77,235,125,110,4,3,1,850,498,352,541,208,333,820,411,409,466,400,66,228,217,11,122,75,47,1,1,0,115,107,8,354,11,343,13,3,10,336,7,329,0,0,0,5,1,4,350,10,340,12,3,9,334,6,328,0,0,0,4,1,3,4,1,3,1,0,1,2,1,1,0,0,0,1,0,1,571,295,276
11,91,Warangal,Warangal,11,Sangem,578330,0000,VILLAGE,Theegarajupalle,Rural,618,2450,1237,1213,238,135,103,227,114,113,725,376,349,1261,727,534,1189,510,679,1326,681,645,1041,573,468,548,328,220,270,59,211,23,17,6,200,169,31,285,108,177,7,3,4,254,90,164,3,2,1,21,13,8,283,108,175,7,3,4,252,90,162,3,2,1,21,13,8,2,0,2,0,0,0,2,0,2,0,0,0,0,0,0,1124,556,568
11,91,Warangal,Warangal,11,Sangem,578331,0000,VILLAGE,Thimmapur,Rural,308,1039,530,509,92,56,36,206,108,98,7,5,2,562,342,220,477,188,289,643,326,317,593,297,296,189,100,89,359,161,198,5,3,2,40,33,7,50,29,21,4,1,3,12,6,6,1,0,1,33,22,11,49,29,20,4,1,3,12,6,6,0,0,0,33,22,11,1,0,1,0,0,0,0,0,0,1,0,1,0,0,0,396,204,192
11,91,Warangal,Warangal,11,Sangem,578332,0000,VILLAGE,Sangem,Rural,1780,6939,3629,3310,554,290,264,1459,734,725,304,200,104,4191,2617,1574,2748,1012,1736,3616,1899,1717,3038,1648,1390,1014,532,482,1295,545,750,66,56,10,663,515,148,578,251,327,7,1,6,471,183,288,5,2,3,95,65,30,527,229,298,6,1,5,439,170,269,4,2,2,78,56,22,51,22,29,1,0,1,32,13,19,1,0,1,17,9,8,3323,1730,1593
11,91,Warangal,Warangal,11,Sangem,578333,0000,VILLAGE,Chinthapalli,Rural,737,2858,1445,1413,249,134,115,366,192,174,381,196,185,1603,953,650,1255,492,763,1560,785,775,1196,657,539,426,232,194,516,211,305,47,37,10,207,177,30,364,128,236,10,4,6,325,105,220,6,3,3,23,16,7,128,39,89,6,2,4,114,33,81,2,0,2,6,4,2,236,89,147,4,2,2,211,72,139,4,3,1,17,12,5,1298,660,638
11,91,Warangal,Warangal,11,Sangem,578334,0000,VILLAGE,Pallaruguda,Rural,989,3682,1834,1848,334,173,161,522,265,257,1817,914,903,1758,1049,709,1924,785,1139,2086,1023,1063,1764,901,863,264,164,100,1254,533,721,29,21,8,217,183,34,322,122,200,10,4,6,241,82,159,4,2,2,67,34,33,301,113,188,10,4,6,227,80,147,4,2,2,60,27,33,21,9,12,0,0,0,14,2,12,0,0,0,7,7,0,1596,811,785
11,91,Warangal,Warangal,11,Sangem,578335,0000,VILLAGE,Mondrai,Rural,960,3614,1807,1807,361,199,162,428,209,219,0,0,0,1970,1135,835,1644,672,972,1905,1000,905,1689,937,752,724,463,261,686,225,461,20,20,0,259,229,30,216,63,153,6,4,2,186,40,146,11,11,0,13,8,5,210,60,150,4,3,1,182,38,144,11,11,0,13,8,5,6,3,3,2,1,1,4,2,2,0,0,0,0,0,0,1709,807,902
11,91,Warangal,Warangal,11,Sangem,578336,0000,VILLAGE,Narlavai,Rural,308,1090,537,553,82,37,45,299,150,149,0,0,0,592,359,233,498,178,320,621,295,326,583,280,303,254,140,114,305,119,186,0,0,0,24,21,3,38,15,23,1,0,1,37,15,22,0,0,0,0,0,0,38,15,23,1,0,1,37,15,22,0,0,0,0,0,0,0,0,0,0,0,0,0,0,0,0,0,0,0,0,0,469,242,227
11,91,Warangal,Warangal,11,Sangem,578337,0000,VILLAGE,Mummadivaram,Rural,98,340,169,171,46,22,24,121,58,63,18,10,8,185,111,74,155,58,97,180,100,80,180,100,80,21,20,1,97,35,62,9,9,0,53,36,17,0,0,0,0,0,0,0,0,0,0,0,0,0,0,0,0,0,0,0,0,0,0,0,0,0,0,0,0,0,0,0,0,0,0,0,0,0,0,0,0,0,0,0,0,0,160,69,91
11,91,Warangal,Warangal,11,Sangem,578338,0000,VILLAGE,Elugur Rangampet,Rural,1040,4053,2009,2044,429,236,193,534,260,274,1639,821,818,2062,1239,823,1991,770,1221,2332,1151,1181,1801,895,906,446,237,209,1144,493,651,29,19,10,182,146,36,531,256,275,10,4,6,488,224,264,0,0,0,33,28,5,515,248,267,9,4,5,474,217,257,0,0,0,32,27,5,16,8,8,1,0,1,14,7,7,0,0,0,1,1,0,1721,858,863
11,91,Warangal,Warangal,11,Sangem,578339,0000,VILLAGE,Nallabelle,Rural,524,2212,1101,1111,243,118,125,339,165,174,820,401,419,992,579,413,1220,522,698,1237,602,635,885,485,400,618,389,229,196,48,148,2,1,1,69,47,22,352,117,235,59,9,50,263,94,169,3,1,2,27,13,14,346,116,230,58,9,49,259,94,165,2,0,2,27,13,14,6,1,5,1,0,1,4,0,4,1,1,0,0,0,0,975,499,476
11,91,Warangal,Warangal,04,Geesugonda,578340,0000,VILLAGE,Mogilicherla,Rural,1532,5627,2757,2870,443,236,207,868,440,428,163,74,89,3323,1908,1415,2304,849,1455,3031,1556,1475,2810,1481,1329,504,269,235,1624,665,959,95,47,48,587,500,87,221,75,146,8,4,4,156,29,127,1,0,1,56,42,14,188,61,127,4,2,2,139,24,115,1,0,1,44,35,9,33,14,19,4,2,2,17,5,12,0,0,0,12,7,5,2596,1201,1395
11,91,Warangal,Warangal,04,Geesugonda,578341,0000,VILLAGE,Bodduchinthalpalle,Rural,310,1197,604,593,100,56,44,495,256,239,25,14,11,767,428,339,430,176,254,593,342,251,591,340,251,113,87,26,447,226,221,7,6,1,24,21,3,2,2,0,0,0,0,2,2,0,0,0,0,0,0,0,2,2,0,0,0,0,2,2,0,0,0,0,0,0,0,0,0,0,0,0,0,0,0,0,0,0,0,0,0,0,604,262,342
11,91,Warangal,Warangal,04,Geesugonda,578342,0000,VILLAGE,Manugonda,Rural,800,2823,1425,1398,244,117,127,785,397,388,0,0,0,1530,934,596,1293,491,802,1624,848,776,1270,775,495,200,149,51,778,376,402,28,23,5,264,227,37,354,73,281,7,1,6,318,49,269,5,2,3,24,21,3,337,68,269,7,1,6,301,44,257,5,2,3,24,21,3,17,5,12,0,0,0,17,5,12,0,0,0,0,0,0,1199,577,622
11,91,Warangal,Warangal,04,Geesugonda,578343,0000,VILLAGE,Elkurthy,Rural,1135,4195,2055,2140,348,172,176,758,381,377,82,42,40,2512,1469,1043,1683,586,1097,2176,1131,1045,1779,1067,712,643,419,224,764,332,432,52,21,31,320,295,25,397,64,333,70,6,64,301,41,260,8,3,5,18,14,4,372,60,312,67,6,61,280,37,243,7,3,4,18,14,4,25,4,21,3,0,3,21,4,17,1,0,1,0,0,0,2019,924,1095
11,91,Warangal,Warangal,04,Geesugonda,578344,0000,VILLAGE,Ramchandrapur,Rural,161,520,252,268,51,22,29,162,87,75,17,7,10,288,167,121,232,85,147,299,149,150,298,148,150,55,31,24,199,87,112,2,2,0,42,28,14,1,1,0,0,0,0,0,0,0,0,0,0,1,1,0,1,1,0,0,0,0,0,0,0,0,0,0,1,1,0,0,0,0,0,0,0,0,0,0,0,0,0,0,0,0,221,103,118
11,91,Warangal,Warangal,04,Geesugonda,578345,0000,VILLAGE,Anatharam,Rural,254,852,436,416,76,45,31,206,106,100,76,31,45,540,307,233,312,129,183,530,266,264,529,266,263,219,108,111,261,113,148,0,0,0,49,45,4,1,0,1,0,0,0,1,0,1,0,0,0,0,0,0,1,0,1,0,0,0,1,0,1,0,0,0,0,0,0,0,0,0,0,0,0,0,0,0,0,0,0,0,0,0,322,170,152
11,91,Warangal,Warangal,04,Geesugonda,578346,0000,VILLAGE,Geesugonda,Rural,1262,4850,2476,2374,435,220,215,1398,719,679,71,34,37,2954,1752,1202,1896,724,1172,2616,1335,1281,2490,1287,1203,304,180,124,1788,789,999,49,37,12,349,281,68,126,48,78,16,5,11,91,32,59,4,3,1,15,8,7,95,34,61,13,3,10,67,22,45,3,2,1,12,7,5,31,14,17,3,2,1,24,10,14,1,1,0,3,1,2,2234,1141,1093
11,91,Warangal,Warangal,04,Geesugonda,578347,0000,VILLAGE,Potharajupalle,Rural,384,1542,742,800,148,68,80,316,143,173,31,15,16,859,499,360,683,243,440,908,464,444,895,459,436,291,147,144,308,113,195,30,14,16,266,185,81,13,5,8,1,0,1,4,1,3,1,1,0,7,3,4,11,3,8,1,0,1,4,1,3,0,0,0,6,2,4,2,2,0,0,0,0,0,0,0,1,1,0,1,1,0,634,278,356
11,91,Warangal,Warangal,04,Geesugonda,578348,0000,VILLAGE,Vanchangiri,Rural,953,3427,1662,1765,343,162,181,641,305,336,62,25,37,1861,1064,797,1566,598,968,1716,841,875,1647,810,837,463,254,209,841,305,536,17,11,6,326,240,86,69,31,38,9,2,7,23,11,12,4,3,1,33,15,18,63,27,36,9,2,7,21,11,10,3,2,1,30,12,18,6,4,2,0,0,0,2,0,2,1,1,0,3,3,0,1711,821,890
11,91,Warangal,Warangal,04,Geesugonda,578349,0000,VILLAGE,Shayampet_H,Rural,561,2110,1045,1065,199,110,89,567,290,277,40,21,19,1324,757,567,786,288,498,1180,597,583,795,499,296,252,174,78,150,52,98,24,11,13,369,262,107,385,98,287,11,4,7,297,51,246,10,5,5,67,38,29,348,85,263,6,3,3,285,50,235,1,0,1,56,32,24,37,13,24,5,1,4,12,1,11,9,5,4,11,6,5,930,448,482
11,91,Warangal,Warangal,04,Geesugonda,578350,0000,VILLAGE,Ookal_H,Rural,665,2330,1152,1178,162,91,71,478,236,242,87,41,46,1489,847,642,841,305,536,1268,683,585,1226,666,560,233,153,80,552,227,325,174,70,104,267,216,51,42,17,25,2,1,1,24,11,13,6,1,5,10,4,6,41,17,24,2,1,1,24,11,13,6,1,5,9,4,5,1,0,1,0,0,0,0,0,0,0,0,0,1,0,1,1062,469,593
11,91,Warangal,Warangal,04,Geesugonda,578351,0000,VILLAGE,Machapur,Rural,989,3778,1878,1900,283,140,143,326,161,165,454,223,231,2276,1324,952,1502,554,948,2121,1093,1028,1865,983,882,259,153,106,1297,570,727,71,61,10,238,199,39,256,110,146,23,11,12,204,86,118,10,2,8,19,11,8,236,101,135,16,7,9,196,82,114,6,1,5,18,11,7,20,9,11,7,4,3,8,4,4,4,1,3,1,0,1,1657,785,872
11,91,Warangal,Warangal,04,Geesugonda,578352,0000,VILLAGE,Viswanathpur,Rural,880,3450,1732,1718,380,183,197,196,91,105,2554,1280,1274,1560,971,589,1890,761,1129,1981,974,1007,1788,935,853,932,496,436,634,271,363,6,5,1,216,163,53,193,39,154,5,2,3,187,36,151,0,0,0,1,1,0,189,39,150,5,2,3,183,36,147,0,0,0,1,1,0,4,0,4,0,0,0,4,0,4,0,0,0,0,0,0,1469,758,711
11,91,Warangal,Warangal,04,Geesugonda,578353,0000,VILLAGE,Kommala,Rural,685,2472,1246,1226,195,102,93,261,126,135,535,283,252,1348,812,536,1124,434,690,1286,652,634,1251,643,608,460,240,220,606,245,361,26,25,1,159,133,26,35,9,26,0,0,0,28,5,23,5,3,2,2,1,1,33,8,25,0,0,0,27,5,22,4,2,2,2,1,1,2,1,1,0,0,0,1,0,1,1,1,0,0,0,0,1186,594,592
11,92,Narsampet,Warangal,08,Narsampet,578357,0000,VILLAGE,Kammepalle,Rural,953,3445,1708,1737,270,130,140,384,189,195,476,249,227,1723,1050,673,1722,658,1064,2058,983,1075,1979,944,1035,631,389,242,1194,430,764,5,3,2,149,122,27,79,39,40,9,4,5,59,27,32,1,0,1,10,8,2,42,23,19,4,1,3,28,14,14,0,0,0,10,8,2,37,16,21,5,3,2,31,13,18,1,0,1,0,0,0,1387,725,662
11,92,Narsampet,Warangal,08,Narsampet,578358,0000,VILLAGE,Bhanjipet,Rural,1123,4138,2059,2079,458,247,211,672,335,337,1474,745,729,1814,1084,730,2324,975,1349,2490,1211,1279,2146,1068,1078,886,453,433,1109,498,611,4,1,3,147,116,31,344,143,201,5,1,4,314,122,192,6,5,1,19,15,4,256,107,149,0,0,0,236,92,144,5,4,1,15,11,4,88,36,52,5,1,4,78,30,48,1,1,0,4,4,0,1648,848,800
11,92,Narsampet,Warangal,08,Narsampet,578359,0000,VILLAGE,Itikalpalle,Rural,1208,4439,2210,2229,396,211,185,313,150,163,1188,587,601,2140,1275,865,2299,935,1364,2582,1266,1316,2401,1203,1198,992,557,435,1176,451,725,15,11,4,218,184,34,181,63,118,9,5,4,135,33,102,2,1,1,35,24,11,125,47,78,7,4,3,96,26,70,0,0,0,22,17,5,56,16,40,2,1,1,39,7,32,2,1,1,13,7,6,1857,944,913
11,92,Narsampet,Warangal,08,Narsampet,578360,0000,VILLAGE,Muthojipeta,Rural,1153,4251,2085,2166,446,234,212,298,149,149,1296,664,632,2278,1326,952,1973,759,1214,2385,1207,1178,2311,1179,1132,702,395,307,1161,426,735,4,2,2,444,356,88,74,28,46,9,2,7,52,16,36,0,0,0,13,10,3,54,20,34,6,0,6,38,12,26,0,0,0,10,8,2,20,8,12,3,2,1,14,4,10,0,0,0,3,2,1,1866,878,988
11,92,Narsampet,Warangal,08,Narsampet,578361,0000,VILLAGE,Madannapeta,Rural,1005,3554,1792,1762,346,188,158,575,294,281,608,308,300,1897,1140,757,1657,652,1005,2013,1006,1007,1782,987,795,496,306,190,1063,484,579,8,5,3,215,192,23,231,19,212,6,1,5,220,16,204,0,0,0,5,2,3,204,12,192,1,1,0,198,9,189,0,0,0,5,2,3,27,7,20,5,0,5,22,7,15,0,0,0,0,0,0,1541,786,755
11,92,Narsampet,Warangal,08,Narsampet,578363,0000,VILLAGE,Ramavaram,Rural,270,1181,678,503,117,62,55,286,151,135,43,32,11,803,521,282,378,157,221,603,296,307,491,257,234,388,196,192,58,25,33,0,0,0,45,36,9,112,39,73,3,1,2,109,38,71,0,0,0,0,0,0,112,39,73,3,1,2,109,38,71,0,0,0,0,0,0,0,0,0,0,0,0,0,0,0,0,0,0,0,0,0,578,382,196
11,92,Narsampet,Warangal,08,Narsampet,578364,0000,VILLAGE,Laknepally,Rural,529,2097,972,1125,214,114,100,393,195,198,64,20,44,1143,586,557,954,386,568,1047,555,492,1005,548,457,333,188,145,456,173,283,7,7,0,209,180,29,42,7,35,6,2,4,31,3,28,0,0,0,5,2,3,41,7,34,6,2,4,31,3,28,0,0,0,4,2,2,1,0,1,0,0,0,0,0,0,0,0,0,1,0,1,1050,417,633
11,92,Narsampet,Warangal,08,Narsampet,578365,0000,VILLAGE,Maheshwaram,Rural,1571,5725,2841,2884,498,244,254,825,410,415,897,462,435,3260,1989,1271,2465,852,1613,3248,1614,1634,2776,1443,1333,643,352,291,1627,677,950,18,10,8,488,404,84,472,171,301,20,7,13,389,127,262,3,2,1,60,35,25,425,147,278,16,4,12,356,114,242,3,2,1,50,27,23,47,24,23,4,3,1,33,13,20,0,0,0,10,8,2,2477,1227,1250
11,92,Narsampet,Warangal,08,Narsampet,578366,0000,VILLAGE,Paspunur,Rural,58,186,86,100,17,6,11,0,0,0,0,0,0,88,48,40,98,38,60,95,51,44,95,51,44,6,4,2,71,30,41,0,0,0,18,17,1,0,0,0,0,0,0,0,0,0,0,0,0,0,0,0,0,0,0,0,0,0,0,0,0,0,0,0,0,0,0,0,0,0,0,0,0,0,0,0,0,0,0,0,0,0,91,35,56
11,92,Narsampet,Warangal,08,Narsampet,578367,0000,VILLAGE,Sarwapur,Rural,1382,5092,2428,2664,502,245,257,1068,505,563,37,19,18,2995,1657,1338,2097,771,1326,2467,1356,1111,2135,1264,871,280,212,68,1030,468,562,36,18,18,789,566,223,332,92,240,14,5,9,287,68,219,5,1,4,26,18,8,308,87,221,13,5,8,268,64,204,2,0,2,25,18,7,24,5,19,1,0,1,19,4,15,3,1,2,1,0,1,2625,1072,1553
11,92,Narsampet,Warangal,08,Narsampet,578368,0000,VILLAGE,Rajupet,Rural,588,2168,1051,1117,227,115,112,178,98,80,1421,696,725,1074,628,446,1094,423,671,1244,568,676,968,448,520,247,166,81,554,157,397,9,6,3,158,119,39,276,120,156,102,49,53,151,53,98,1,0,1,22,18,4,270,117,153,101,49,52,147,51,96,1,0,1,21,17,4,6,3,3,1,0,1,4,2,2,0,0,0,1,1,0,924,483,441
11,92,Narsampet,Warangal,09,Khanapur,578370,0000,VILLAGE,Dabberpet,Rural,345,1267,651,616,117,75,42,77,38,39,725,368,357,581,349,232,686,302,384,747,362,385,558,319,239,266,212,54,261,83,178,2,2,0,29,22,7,189,43,146,16,4,12,159,34,125,1,0,1,13,5,8,136,33,103,5,1,4,121,28,93,0,0,0,10,4,6,53,10,43,11,3,8,38,6,32,1,0,1,3,1,2,520,289,231
11,92,Narsampet,Warangal,09,Khanapur,578371,0000,VILLAGE,Pakhal_Ashoknagar,Rural,1515,5729,2946,2783,529,280,249,674,334,340,1366,778,588,3144,1929,1215,2585,1017,1568,2912,1544,1368,2596,1456,1140,846,548,298,1183,470,713,10,9,1,557,429,128,316,88,228,4,3,1,126,16,110,6,3,3,180,66,114,236,72,164,2,2,0,106,11,95,5,3,2,123,56,67,80,16,64,2,1,1,20,5,15,1,0,1,57,10,47,2817,1402,1415
11,92,Narsampet,Warangal,09,Khanapur,578373,0000,VILLAGE,Khanapur,Rural,1977,7127,3549,3578,675,357,318,569,277,292,1152,603,549,3928,2232,1696,3199,1317,1882,3462,1988,1474,2962,1787,1175,826,623,203,1440,594,846,46,34,12,650,536,114,500,201,299,17,7,10,421,147,274,13,8,5,49,39,10,481,194,287,17,7,10,405,143,262,13,8,5,46,36,10,19,7,12,0,0,0,16,4,12,0,0,0,3,3,0,3665,1561,2104
11,92,Narsampet,Warangal,09,Khanapur,578375,0000,VILLAGE,Kothur,Rural,536,1931,956,975,215,116,99,174,83,91,480,232,248,914,525,389,1017,431,586,1145,559,586,711,441,270,142,127,15,433,204,229,8,8,0,128,102,26,434,118,316,5,1,4,308,50,258,4,2,2,117,65,52,339,76,263,4,1,3,292,47,245,2,1,1,41,27,14,95,42,53,1,0,1,16,3,13,2,1,1,76,38,38,786,397,389
11,92,Narsampet,Warangal,09,Khanapur,578377,0000,VILLAGE,Rangapur,Rural,283,1058,545,513,105,62,43,149,70,79,169,91,78,547,314,233,511,231,280,599,307,292,578,299,279,261,220,41,279,60,219,16,4,12,22,15,7,21,8,13,3,1,2,8,5,3,8,1,7,2,1,1,19,7,12,3,1,2,8,5,3,6,0,6,2,1,1,2,1,1,0,0,0,0,0,0,2,1,1,0,0,0,459,238,221
11,92,Narsampet,Warangal,09,Khanapur,578378,0000,VILLAGE,Ragampet,Rural,279,1043,527,516,99,46,53,70,34,36,117,67,50,526,314,212,517,213,304,620,304,316,423,227,196,307,168,139,97,44,53,3,2,1,16,13,3,197,77,120,6,2,4,186,73,113,0,0,0,5,2,3,196,76,120,6,2,4,186,73,113,0,0,0,4,1,3,1,1,0,0,0,0,0,0,0,0,0,0,1,1,0,423,223,200
11,92,Narsampet,Warangal,09,Khanapur,578379,0000,VILLAGE,Ainepalle,Rural,60,241,114,127,28,14,14,9,4,5,130,64,66,132,77,55,109,37,72,128,58,70,123,56,67,20,9,11,91,37,54,0,0,0,12,10,2,5,2,3,0,0,0,5,2,3,0,0,0,0,0,0,5,2,3,0,0,0,5,2,3,0,0,0,0,0,0,0,0,0,0,0,0,0,0,0,0,0,0,0,0,0,113,56,57
11,92,Narsampet,Warangal,09,Khanapur,578380,0000,VILLAGE,Dharmaraopet,Rural,1000,3337,1656,1681,314,146,168,239,122,117,709,350,359,1636,981,655,1701,675,1026,1845,929,916,1294,842,452,552,450,102,555,227,328,7,4,3,180,161,19,551,87,464,71,14,57,457,61,396,0,0,0,23,12,11,470,76,394,66,14,52,383,51,332,0,0,0,21,11,10,81,11,70,5,0,5,74,10,64,0,0,0,2,1,1,1492,727,765
11,92,Narsampet,Warangal,09,Khanapur,578381,0000,VILLAGE,Budharaopet,Rural,1614,6097,2994,3103,613,292,321,434,202,232,760,377,383,3213,1821,1392,2884,1173,1711,3160,1729,1431,2928,1618,1310,515,327,188,1841,821,1020,44,32,12,528,438,90,232,111,121,10,7,3,143,46,97,21,11,10,58,47,11,182,88,94,10,7,3,107,35,72,19,10,9,46,36,10,50,23,27,0,0,0,36,11,25,2,1,1,12,11,1,2937,1265,1672
11,92,Narsampet,Warangal,09,Khanapur,578383,0000,VILLAGE,Mangalavaripett,Rural,1084,4356,2192,2164,518,266,252,226,109,117,3169,1615,1554,1928,1185,743,2428,1007,1421,2529,1255,1274,1945,1121,824,671,444,227,1095,523,572,11,6,5,168,148,20,584,134,450,39,5,34,494,107,387,4,2,2,47,20,27,400,53,347,36,4,32,325,36,289,0,0,0,39,13,26,184,81,103,3,1,2,169,71,98,4,2,2,8,7,1,1827,937,890
11,92,Narsampet,Warangal,10,Chennaraopeta,578481,0000,VILLAGE,Lingapur,Rural,465,1799,894,905,180,93,87,435,209,226,150,74,76,941,553,388,858,341,517,860,494,366,746,447,299,370,240,130,305,144,161,21,20,1,50,43,7,114,47,67,7,4,3,97,36,61,2,1,1,8,6,2,107,44,63,6,3,3,92,34,58,1,1,0,8,6,2,7,3,4,1,1,0,5,2,3,1,0,1,0,0,0,939,400,539
11,92,Narsampet,Warangal,08,Narsampet,578482,0000,VILLAGE,Gurijal,Rural,1594,5998,3049,2949,523,266,257,795,402,393,251,128,123,3317,2052,1265,2681,997,1684,3206,1663,1543,2853,1580,1273,1077,647,430,1267,511,756,35,22,13,474,400,74,353,83,270,53,11,42,246,47,199,5,1,4,49,24,25,312,72,240,49,10,39,214,40,174,5,1,4,44,21,23,41,11,30,4,1,3,32,7,25,0,0,0,5,3,2,2792,1386,1406
11,92,Narsampet,Warangal,10,Chennaraopeta,578483,0000,VILLAGE,Akkalched,Rural,399,1507,761,746,129,72,57,115,61,54,672,347,325,713,435,278,794,326,468,907,449,458,316,278,38,196,187,9,14,12,2,3,3,0,103,76,27,591,171,420,40,12,28,536,153,383,6,1,5,9,5,4,557,159,398,38,12,26,509,142,367,3,1,2,7,4,3,34,12,22,2,0,2,27,11,16,3,0,3,2,1,1,600,312,288
11,92,Narsampet,Warangal,08,Narsampet,578484,0000,VILLAGE,Makdumpur,Rural,963,3400,1681,1719,291,157,134,604,297,307,723,362,361,1793,1081,712,1607,600,1007,1962,972,990,1331,700,631,262,144,118,750,292,458,8,3,5,311,261,50,631,272,359,36,22,14,469,173,296,1,0,1,125,77,48,570,244,326,21,11,10,423,156,267,1,0,1,125,77,48,61,28,33,15,11,4,46,17,29,0,0,0,0,0,0,1438,709,729
11,92,Narsampet,Warangal,10,Chennaraopeta,578485,0000,VILLAGE,Chennaraopeta,Rural,1191,4904,2548,2356,350,193,157,591,309,282,924,528,396,3034,1804,1230,1870,744,1126,2255,1175,1080,1831,1024,807,417,247,170,912,400,512,60,33,27,442,344,98,424,151,273,9,3,6,362,113,249,4,3,1,49,32,17,265,80,185,8,2,6,206,45,161,4,3,1,47,30,17,159,71,88,1,1,0,156,68,88,0,0,0,2,2,0,2649,1373,1276
11,92,Narsampet,Warangal,10,Chennaraopeta,578486,0000,VILLAGE,Konapur,Rural,867,3240,1621,1619,302,168,134,517,273,244,833,403,430,1594,952,642,1646,669,977,1919,933,986,1689,862,827,565,358,207,953,376,577,51,37,14,120,91,29,230,71,159,12,6,6,154,35,119,15,7,8,49,23,26,223,70,153,12,6,6,149,34,115,14,7,7,48,23,25,7,1,6,0,0,0,5,1,4,1,0,1,1,0,1,1321,688,633
11,92,Narsampet,Warangal,10,Chennaraopeta,578487,0000,VILLAGE,Upparapalle,Rural,1152,4369,2183,2186,421,234,187,555,303,252,659,322,337,2341,1390,951,2028,793,1235,2363,1171,1192,2295,1149,1146,375,202,173,1609,684,925,33,19,14,278,244,34,68,22,46,1,0,1,52,15,37,3,0,3,12,7,5,66,21,45,1,0,1,52,15,37,3,0,3,10,6,4,2,1,1,0,0,0,0,0,0,0,0,0,2,1,1,2006,1012,994
11,92,Narsampet,Warangal,10,Chennaraopeta,578488,0000,VILLAGE,Jhalli,Rural,659,2362,1175,1187,226,123,103,102,55,47,438,219,219,1120,692,428,1242,483,759,1302,656,646,1279,641,638,535,276,259,536,193,343,6,5,1,202,167,35,23,15,8,7,5,2,6,3,3,0,0,0,10,7,3,22,15,7,7,5,2,5,3,2,0,0,0,10,7,3,1,0,1,0,0,0,1,0,1,0,0,0,0,0,0,1060,519,541
11,92,Narsampet,Warangal,10,Chennaraopeta,578489,0000,VILLAGE,Ameenabad,Rural,2508,9494,4831,4663,1119,620,499,586,287,299,5908,3051,2857,4116,2503,1613,5378,2328,3050,5327,2671,2656,4977,2599,2378,1930,1436,494,2572,788,1784,49,37,12,426,338,88,350,72,278,18,8,10,299,44,255,6,1,5,27,19,8,311,59,252,17,8,9,271,34,237,1,0,1,22,17,5,39,13,26,1,0,1,28,10,18,5,1,4,5,2,3,4167,2160,2007
11,92,Narsampet,Warangal,10,Chennaraopeta,578490,0000,VILLAGE,Lingagiri,Rural,737,2866,1450,1416,294,158,136,538,261,277,517,263,254,1445,863,582,1421,587,834,1632,801,831,1055,631,424,386,254,132,383,140,243,7,4,3,279,233,46,577,170,407,17,7,10,529,143,386,3,1,2,28,19,9,575,169,406,17,7,10,529,143,386,3,1,2,26,18,8,2,1,1,0,0,0,0,0,0,0,0,0,2,1,1,1234,649,585
11,92,Narsampet,Warangal,15,Nekkonda,578491,0000,VILLAGE,Surpalle,Rural,652,2355,1219,1136,220,124,96,302,164,138,313,173,140,1183,754,429,1172,465,707,1215,686,529,1090,658,432,262,237,25,607,227,380,4,4,0,217,190,27,125,28,97,3,2,1,117,21,96,0,0,0,5,5,0,98,21,77,1,0,1,93,17,76,0,0,0,4,4,0,27,7,20,2,2,0,24,4,20,0,0,0,1,1,0,1140,533,607
11,92,Narsampet,Warangal,10,Chennaraopeta,578492,0000,VILLAGE,Yellaigudem,Rural,870,3372,1700,1672,389,195,194,712,362,350,1821,932,889,1531,959,572,1841,741,1100,1887,925,962,1860,915,945,651,326,325,1094,503,591,18,14,4,97,72,25,27,10,17,4,2,2,16,5,11,0,0,0,7,3,4,20,8,12,2,1,1,12,4,8,0,0,0,6,3,3,7,2,5,2,1,1,4,1,3,0,0,0,1,0,1,1485,775,710
11,92,Narsampet,Warangal,10,Chennaraopeta,578493,0000,VILLAGE,Thimmarainipahad,Rural,437,1783,829,954,158,70,88,288,152,136,543,247,296,1132,547,585,651,282,369,846,470,376,833,464,369,195,158,37,529,246,283,4,3,1,105,57,48,13,6,7,0,0,0,13,6,7,0,0,0,0,0,0,10,5,5,0,0,0,10,5,5,0,0,0,0,0,0,3,1,2,0,0,0,3,1,2,0,0,0,0,0,0,937,359,578
11,92,Narsampet,Warangal,10,Chennaraopeta,578494,0000,VILLAGE,Papaiahpeta,Rural,1430,5564,2806,2758,530,290,240,284,139,145,2399,1227,1172,2595,1552,1043,2969,1254,1715,3065,1530,1535,2572,1427,1145,1181,667,514,1038,479,559,21,17,4,332,264,68,493,103,390,70,6,64,355,48,307,11,8,3,57,41,16,462,89,373,69,6,63,338,43,295,9,6,3,46,34,12,31,14,17,1,0,1,17,5,12,2,2,0,11,7,4,2499,1276,1223
11,92,Narsampet,Warangal,15,Nekkonda,578495,0000,VILLAGE,Mudigonda,Rural,443,1680,850,830,181,93,88,284,149,135,394,202,192,856,502,354,824,348,476,938,484,454,674,391,283,250,173,77,320,129,191,1,1,0,103,88,15,264,93,171,1,1,0,236,70,166,0,0,0,27,22,5,212,76,136,0,0,0,188,56,132,0,0,0,24,20,4,52,17,35,1,1,0,48,14,34,0,0,0,3,2,1,742,366,376
11,92,Narsampet,Warangal,15,Nekkonda,578496,0000,VILLAGE,Deekshakunta,Rural,985,3624,1859,1765,331,196,135,877,462,415,538,271,267,1954,1174,780,1670,685,985,1959,1032,927,1394,759,635,723,389,334,540,265,275,18,13,5,113,92,21,565,273,292,66,25,41,427,211,216,7,2,5,65,35,30,563,273,290,65,25,40,426,211,215,7,2,5,65,35,30,2,0,2,1,0,1,1,0,1,0,0,0,0,0,0,1665,827,838
11,92,Narsampet,Warangal,15,Nekkonda,578497,0000,VILLAGE,Chundrukonda,Rural,1575,5967,2985,2982,577,297,280,1157,571,586,1939,982,957,3033,1835,1198,2934,1150,1784,3149,1662,1487,2433,1462,971,1013,679,334,1026,469,557,23,16,7,371,298,73,716,200,516,60,54,6,594,102,492,6,4,2,56,40,16,667,188,479,60,54,6,550,93,457,5,4,1,52,37,15,49,12,37,0,0,0,44,9,35,1,0,1,4,3,1,2818,1323,1495
11,92,Narsampet,Warangal,15,Nekkonda,578498,0000,VILLAGE,Panikera,Rural,322,1136,556,580,95,47,48,213,101,112,1,0,1,646,380,266,490,176,314,593,294,299,394,264,130,128,120,8,211,93,118,5,5,0,50,46,4,199,30,169,9,4,5,184,23,161,0,0,0,6,3,3,195,30,165,9,4,5,180,23,157,0,0,0,6,3,3,4,0,4,0,0,0,4,0,4,0,0,0,0,0,0,543,262,281
11,92,Narsampet,Warangal,15,Nekkonda,578499,0000,VILLAGE,Gundrepalle,Rural,450,1647,835,812,186,84,102,196,98,98,56,29,27,867,531,336,780,304,476,928,476,452,170,141,29,132,109,23,1,0,1,0,0,0,37,32,5,758,335,423,44,20,24,668,281,387,1,1,0,45,33,12,552,235,317,40,18,22,476,191,285,0,0,0,36,26,10,206,100,106,4,2,2,192,90,102,1,1,0,9,7,2,719,359,360
11,92,Narsampet,Warangal,15,Nekkonda,578500,0000,VILLAGE,Nekkonda,Rural,1690,7264,3538,3726,642,323,319,1085,499,586,1104,589,515,4816,2586,2230,2448,952,1496,2702,1686,1016,1560,1156,404,221,171,50,433,216,217,34,21,13,872,748,124,1142,530,612,10,5,5,1000,430,570,8,4,4,124,91,33,966,409,557,10,5,5,845,325,520,4,2,2,107,77,30,176,121,55,0,0,0,155,105,50,4,2,2,17,14,3,4562,1852,2710
11,92,Narsampet,Warangal,15,Nekkonda,578501,0000,VILLAGE,Pathipaka,Rural,238,923,471,452,98,59,39,154,80,74,479,246,233,471,300,171,452,171,281,531,265,266,528,264,264,257,134,123,203,66,137,1,1,0,67,63,4,3,1,2,0,0,0,2,0,2,0,0,0,1,1,0,2,1,1,0,0,0,1,0,1,0,0,0,1,1,0,1,0,1,0,0,0,1,0,1,0,0,0,0,0,0,392,206,186
11,92,Narsampet,Warangal,15,Nekkonda,578502,0000,VILLAGE,Redlawada,Rural,1288,5092,2561,2531,532,283,249,273,128,145,2064,1056,1008,2659,1592,1067,2433,969,1464,2802,1437,1365,1980,1212,768,870,703,167,985,411,574,13,7,6,112,91,21,822,225,597,151,36,115,624,158,466,3,2,1,44,29,15,709,168,541,148,34,114,536,118,418,2,1,1,23,15,8,113,57,56,3,2,1,88,40,48,1,1,0,21,14,7,2290,1124,1166
11,92,Narsampet,Warangal,15,Nekkonda,578503,0000,VILLAGE,Gotlakonda,Rural,549,2091,1062,1029,305,168,137,0,0,0,1988,1019,969,783,489,294,1308,573,735,1138,562,576,521,353,168,312,231,81,193,109,84,0,0,0,16,13,3,617,209,408,35,29,6,568,171,397,7,4,3,7,5,2,577,191,386,33,28,5,535,155,380,3,3,0,6,5,1,40,18,22,2,1,1,33,16,17,4,1,3,1,0,1,953,500,453
11,92,Narsampet,Warangal,15,Nekkonda,578504,0000,VILLAGE,Bollikonda,Rural,355,1511,788,723,168,94,74,36,19,17,1263,654,609,668,448,220,843,340,503,795,392,403,503,340,163,255,231,24,190,61,129,13,12,1,45,36,9,292,52,240,3,2,1,286,49,237,1,1,0,2,0,2,285,50,235,2,2,0,280,47,233,1,1,0,2,0,2,7,2,5,1,0,1,6,2,4,0,0,0,0,0,0,716,396,320
11,92,Narsampet,Warangal,15,Nekkonda,578505,0000,VILLAGE,Alamkhanipet,Rural,860,3208,1638,1570,315,160,155,388,204,184,268,138,130,1706,1023,683,1502,615,887,1743,933,810,1254,753,501,624,407,217,435,197,238,11,7,4,184,142,42,489,180,309,43,10,33,411,154,257,2,0,2,33,16,17,469,178,291,37,9,28,398,153,245,2,0,2,32,16,16,20,2,18,6,1,5,13,1,12,0,0,0,1,0,1,1465,705,760
11,92,Narsampet,Warangal,15,Nekkonda,578506,0000,VILLAGE,Thopan palle,Rural,419,1560,801,759,126,71,55,280,146,134,0,0,0,953,567,386,607,234,373,832,439,393,611,392,219,229,173,56,306,155,151,18,15,3,58,49,9,221,47,174,18,4,14,195,36,159,3,2,1,5,5,0,204,43,161,17,4,13,182,34,148,0,0,0,5,5,0,17,4,13,1,0,1,13,2,11,3,2,1,0,0,0,728,362,366
11,92,Narsampet,Warangal,15,Nekkonda,578507,0000,VILLAGE,Venkatapur,Rural,439,1700,866,834,206,110,96,204,105,99,438,230,208,800,478,322,900,388,512,917,468,449,879,460,419,391,226,165,397,165,232,14,12,2,77,57,20,38,8,30,19,4,15,15,1,14,0,0,0,4,3,1,38,8,30,19,4,15,15,1,14,0,0,0,4,3,1,0,0,0,0,0,0,0,0,0,0,0,0,0,0,0,783,398,385
11,92,Narsampet,Warangal,15,Nekkonda,578508,0000,VILLAGE,Appalarao Peta,Rural,1090,3986,2029,1957,466,261,205,442,227,215,1565,814,751,1932,1141,791,2054,888,1166,2315,1154,1161,2130,1064,1066,531,401,130,1382,495,887,23,12,11,194,156,38,185,90,95,33,20,13,127,52,75,3,2,1,22,16,6,131,65,66,24,15,9,85,34,51,3,2,1,19,14,5,54,25,29,9,5,4,42,18,24,0,0,0,3,2,1,1671,875,796
11,92,Narsampet,Warangal,15,Nekkonda,578509,0000,VILLAGE,Peddakorpolu,Rural,840,3138,1581,1557,310,164,146,502,260,242,652,331,321,1443,871,572,1695,710,985,1682,873,809,1590,842,748,465,349,116,967,353,614,15,13,2,143,127,16,92,31,61,1,0,1,65,16,49,9,6,3,17,9,8,90,30,60,0,0,0,65,16,49,9,6,3,16,8,8,2,1,1,1,0,1,0,0,0,0,0,0,1,1,0,1456,708,748
11,92,Narsampet,Warangal,15,Nekkonda,578510,0000,VILLAGE,Chinna Korpolu,Rural,450,1739,896,843,204,112,92,106,55,51,818,424,394,666,418,248,1073,478,595,1006,525,481,905,482,423,421,254,167,431,190,241,9,8,1,44,30,14,101,43,58,2,0,2,95,42,53,0,0,0,4,1,3,101,43,58,2,0,2,95,42,53,0,0,0,4,1,3,0,0,0,0,0,0,0,0,0,0,0,0,0,0,0,733,371,362
11,92,Narsampet,Warangal,15,Nekkonda,578511,0000,VILLAGE,Nagaram,Rural,832,3025,1582,1443,338,172,166,762,408,354,458,238,220,1410,844,566,1615,738,877,1662,834,828,1154,698,456,620,385,235,396,196,200,10,9,1,128,108,20,508,136,372,84,14,70,377,85,292,5,4,1,42,33,9,480,133,347,81,12,69,352,84,268,5,4,1,42,33,9,28,3,25,3,2,1,25,1,24,0,0,0,0,0,0,1363,748,615
11,91,Warangal,Warangal,14,Parvathagiri,578512,0000,VILLAGE,Gopanpalli,Rural,644,2571,1299,1272,260,133,127,555,291,264,13,8,5,1419,835,584,1152,464,688,1308,714,594,1208,661,547,399,321,78,552,144,408,21,19,2,236,177,59,100,53,47,21,16,5,47,10,37,0,0,0,32,27,5,77,45,32,20,16,4,30,7,23,0,0,0,27,22,5,23,8,15,1,0,1,17,3,14,0,0,0,5,5,0,1263,585,678
11,91,Warangal,Warangal,14,Parvathagiri,578513,0000,VILLAGE,Konkapaka,Rural,820,3270,1647,1623,310,164,146,559,288,271,814,408,406,1593,934,659,1677,713,964,1894,944,950,1714,893,821,771,441,330,753,306,447,48,31,17,142,115,27,180,51,129,7,2,5,159,37,122,1,1,0,13,11,2,171,47,124,6,1,5,152,35,117,1,1,0,12,10,2,9,4,5,1,1,0,7,2,5,0,0,0,1,1,0,1376,703,673
11,91,Warangal,Warangal,14,Parvathagiri,578514,0000,VILLAGE,Enugallu,Rural,1629,6272,3169,3103,595,311,284,565,280,285,2680,1381,1299,2908,1701,1207,3364,1468,1896,3483,1773,1710,3236,1670,1566,1306,823,483,1541,522,1019,12,11,1,377,314,63,247,103,144,23,7,16,183,73,110,0,0,0,41,23,18,168,91,77,15,7,8,117,63,54,0,0,0,36,21,15,79,12,67,8,0,8,66,10,56,0,0,0,5,2,3,2789,1396,1393
11,91,Warangal,Warangal,14,Parvathagiri,578515,0000,VILLAGE,Chintha Nekkonda,Rural,1330,5332,2721,2611,492,286,206,658,326,332,1275,677,598,2860,1667,1193,2472,1054,1418,3155,1594,1561,3085,1564,1521,1216,711,505,1619,667,952,49,29,20,201,157,44,70,30,40,10,6,4,34,11,23,6,3,3,20,10,10,55,23,32,5,3,2,26,8,18,5,3,2,19,9,10,15,7,8,5,3,2,8,3,5,1,0,1,1,1,0,2177,1127,1050
11,91,Warangal,Warangal,14,Parvathagiri,578516,0000,VILLAGE,Choutapalle,Rural,802,3119,1570,1549,274,155,119,659,348,311,665,349,316,1606,931,675,1513,639,874,1706,885,821,1662,872,790,576,430,146,853,261,592,31,25,6,202,156,46,44,13,31,9,3,6,28,5,23,1,1,0,6,4,2,30,12,18,4,3,1,19,4,15,1,1,0,6,4,2,14,1,13,5,0,5,9,1,8,0,0,0,0,0,0,1413,685,728
11,91,Warangal,Warangal,14,Parvathagiri,578517,0000,VILLAGE,Vadlakonda,Rural,582,2206,1127,1079,153,78,75,404,218,186,18,10,8,1369,815,554,837,312,525,1231,650,581,799,475,324,305,251,54,312,75,237,33,28,5,149,121,28,432,175,257,5,3,2,358,126,232,36,24,12,33,22,11,415,169,246,5,3,2,347,123,224,34,23,11,29,20,9,17,6,11,0,0,0,11,3,8,2,1,1,4,2,2,975,477,498
11,91,Warangal,Warangal,14,Parvathagiri,578518,0000,VILLAGE,Rollakal,Rural,548,2205,1136,1069,218,121,97,311,162,149,1227,639,588,1068,625,443,1137,511,626,1264,669,595,1239,655,584,318,300,18,854,298,556,1,1,0,66,56,10,25,14,11,1,1,0,8,0,8,5,4,1,11,9,2,21,11,10,1,1,0,8,0,8,5,4,1,7,6,1,4,3,1,0,0,0,0,0,0,0,0,0,4,3,1,941,467,474
11,91,Warangal,Warangal,14,Parvathagiri,578519,0000,VILLAGE,Somaram,Rural,668,2688,1392,1296,220,116,104,410,215,195,877,455,422,1359,831,528,1329,561,768,1709,903,806,989,692,297,531,428,103,242,76,166,2,2,0,214,186,28,720,211,509,27,10,17,691,199,492,0,0,0,2,2,0,493,84,409,11,1,10,480,81,399,0,0,0,2,2,0,227,127,100,16,9,7,211,118,93,0,0,0,0,0,0,979,489,490
11,91,Warangal,Warangal,14,Parvathagiri,578520,0000,VILLAGE,Parvathagiri,Rural,2116,9062,4406,4656,796,441,355,1741,601,1140,2310,1250,1060,5052,2731,2321,4010,1675,2335,4434,2327,2107,3465,1993,1472,755,618,137,1967,798,1169,57,33,24,686,544,142,969,334,635,37,22,15,783,218,565,18,7,11,131,87,44,940,317,623,36,21,15,770,211,559,16,6,10,118,79,39,29,17,12,1,1,0,13,7,6,2,1,1,13,8,5,4628,2079,2549
11,91,Warangal,Warangal,14,Parvathagiri,578521,0000,VILLAGE,Kalleda,Rural,837,3235,1651,1584,287,146,141,452,249,203,492,247,245,1792,1076,716,1443,575,868,1542,891,651,1414,864,550,380,254,126,608,256,352,22,18,4,404,336,68,128,27,101,7,2,5,109,19,90,2,1,1,10,5,5,122,25,97,4,0,4,109,19,90,2,1,1,7,5,2,6,2,4,3,2,1,0,0,0,0,0,0,3,0,3,1693,760,933
11,91,Warangal,Warangal,14,Parvathagiri,578522,0000,VILLAGE,Ravoor,Rural,403,1585,796,789,191,102,89,127,65,62,1191,596,595,576,327,249,1009,469,540,921,458,463,906,454,452,261,254,7,613,173,440,4,1,3,28,26,2,15,4,11,2,0,2,13,4,9,0,0,0,0,0,0,15,4,11,2,0,2,13,4,9,0,0,0,0,0,0,0,0,0,0,0,0,0,0,0,0,0,0,0,0,0,664,338,326
11,91,Warangal,Warangal,14,Parvathagiri,578523,0000,VILLAGE,Annaram,Rural,992,3978,1992,1986,477,260,217,365,174,191,1899,967,932,1773,1028,745,2205,964,1241,2224,1142,1082,1985,1040,945,719,507,212,927,288,639,13,10,3,326,235,91,239,102,137,29,21,8,193,72,121,2,0,2,15,9,6,195,81,114,12,6,6,169,68,101,2,0,2,12,7,5,44,21,23,17,15,2,24,4,20,0,0,0,3,2,1,1754,850,904
11,91,Warangal,Warangal,14,Parvathagiri,578524,0000,VILLAGE,Burugumadla,Rural,523,2116,1059,1057,191,89,102,116,59,57,424,216,208,1185,694,491,931,365,566,1091,581,510,878,502,376,391,221,170,294,134,160,34,22,12,159,125,34,213,79,134,3,2,1,183,66,117,3,0,3,24,11,13,171,62,109,1,1,0,151,53,98,1,0,1,18,8,10,42,17,25,2,1,1,32,13,19,2,0,2,6,3,3,1025,478,547
11,91,Warangal,Warangal,18,Warangal,578155,0001,WARD,Yanumamula,Urban,3430,13183,6628,6555,1438,748,690,3889,1942,1947,454,234,220,8229,4715,3514,4954,1913,3041,6084,3775,2309,5184,3398,1786,34,29,5,612,220,392,332,166,166,4206,2983,1223,900,377,523,1,0,1,267,66,201,68,22,46,564,289,275,617,292,325,1,0,1,45,9,36,64,19,45,507,264,243,283,85,198,0,0,0,222,57,165,4,3,1,57,25,32,7099,2853,4246
11,91,Warangal,Warangal,17,Khilla_Warangal,578157,0001,WARD,Mamnoor,Urban,1651,6319,3156,3163,653,344,309,2087,1044,1043,494,247,247,4644,2513,2131,1675,643,1032,2141,1620,521,1850,1442,408,62,53,9,421,152,269,14,7,7,1353,1230,123,291,178,113,9,4,5,95,25,70,7,1,6,180,148,32,262,157,105,8,4,4,83,19,64,7,1,6,164,133,31,29,21,8,1,0,1,12,6,6,0,0,0,16,15,1,4178,1536,2642
11,91,Warangal,Warangal,04,Geesugonda,578354,0001,WARD,Gorrekunta,Urban,3289,13159,6593,6566,1265,637,628,4066,2010,2056,270,146,124,8971,4995,3976,4188,1598,2590,5592,3641,1951,5149,3491,1658,116,86,30,930,443,487,138,78,60,3965,2884,1081,443,150,293,15,6,9,181,48,133,16,1,15,231,95,136,413,143,270,15,6,9,174,46,128,16,1,15,208,90,118,30,7,23,0,0,0,7,2,5,0,0,0,23,5,18,7567,2952,4615
11,92,Narsampet,Warangal,08,Narsampet,578369,0001,WARD,Narasampet,Urban,7286,30963,15988,14975,2758,1479,1279,4061,2325,1736,2156,1172,984,22893,13014,9879,8070,2974,5096,10866,7488,3378,9531,7043,2488,366,303,63,1744,775,969,230,147,83,7191,5818,1373,1335,445,890,13,7,6,670,163,507,49,9,40,603,266,337,1102,373,729,12,6,6,566,146,420,45,8,37,479,213,266,233,72,161,1,1,0,104,17,87,4,1,3,124,53,71,20097,8500,11597
11,91,Warangal,Warangal,17,Khilla_Warangal,900083,0016,WARD,Urus,Urban,16425,66943,33587,33356,6774,3494,3280,5281,2619,2662,1825,1123,702,48051,26594,21457,18892,6993,11899,25572,17968,7604,23074,16896,6178,136,108,28,428,203,225,1700,556,1144,20810,16029,4781,2498,1072,1426,61,26,35,67,26,41,221,33,188,2149,987,1162,2213,970,1243,61,26,35,63,25,38,185,30,155,1904,889,1015,285,102,183,0,0,0,4,1,3,36,3,33,245,98,147,41371,15619,25752
11,91,Warangal,Warangal,17,Khilla_Warangal,900083,0017,WARD,Urus,Urban,4787,19157,9447,9710,2052,1037,1015,1288,645,643,463,249,214,12595,7125,5470,6562,2322,4240,7824,5021,2803,6326,4206,2120,97,60,37,180,55,125,265,80,185,5784,4011,1773,1498,815,683,30,11,19,23,10,13,50,15,35,1395,779,616,1344,741,603,29,10,19,20,10,10,43,13,30,1252,708,544,154,74,80,1,1,0,3,0,3,7,2,5,143,71,72,11333,4426,6907
11,91,Warangal,Warangal,17,Khilla_Warangal,900083,0018,WARD,Urus,Urban,4101,16497,8115,8382,1645,841,804,1640,803,837,39,18,21,11037,6192,4845,5460,1923,3537,6120,4466,1654,5194,3982,1212,47,25,22,76,29,47,276,52,224,4795,3876,919,926,484,442,15,3,12,26,5,21,49,8,41,836,468,368,793,412,381,15,3,12,24,5,19,45,7,38,709,397,312,133,72,61,0,0,0,2,0,2,4,1,3,127,71,56,10377,3649,6728
11,91,Warangal,Warangal,17,Khilla_Warangal,900082,0019,WARD,Rangasaipet,Urban,5459,21868,10928,10940,2264,1175,1089,2649,1285,1364,340,175,165,14687,8138,6549,7181,2790,4391,8029,5786,2243,7047,5228,1819,36,31,5,917,420,497,320,162,158,5774,4615,1159,982,558,424,5,3,2,212,112,100,204,70,134,561,373,188,900,511,389,5,3,2,206,109,97,186,60,126,503,339,164,82,47,35,0,0,0,6,3,3,18,10,8,58,34,24,13839,5142,8697
11,91,Warangal,Warangal,17,Khilla_Warangal,900081,0020,WARD,Khilla Warangal,Urban,4803,19110,9458,9652,1840,966,874,2756,1359,1397,416,196,220,12589,7083,5506,6521,2375,4146,7658,5085,2573,6771,4849,1922,210,148,62,1495,706,789,332,184,148,4734,3811,923,887,236,651,9,3,6,386,41,345,131,10,121,361,182,179,831,216,615,9,3,6,369,39,330,129,10,119,324,164,160,56,20,36,0,0,0,17,2,15,2,0,2,37,18,19,11452,4373,7079
11,91,Warangal,Warangal,17,Khilla_Warangal,578162,0033,WARD,Thimmapur_Haveli,Urban,1784,7513,3828,3685,780,431,349,2372,1195,1177,74,37,37,5140,2875,2265,2373,953,1420,3073,2015,1058,2595,1764,831,21,19,2,881,379,502,38,22,16,1655,1344,311,478,251,227,2,0,2,287,147,140,1,0,1,188,104,84,461,246,215,2,0,2,276,143,133,1,0,1,182,103,79,17,5,12,0,0,0,11,4,7,0,0,0,6,1,5,4440,1813,2627
11,91,Warangal,Warangal,17,Khilla_Warangal,578163,0034,WARD,Nakkalapalle,Urban,229,928,476,452,89,47,42,836,435,401,1,0,1,643,370,273,285,106,179,484,265,219,204,158,46,17,12,5,133,103,30,0,0,0,54,43,11,280,107,173,1,0,1,247,96,151,0,0,0,32,11,21,278,107,171,1,0,1,245,96,149,0,0,0,32,11,21,2,0,2,0,0,0,2,0,2,0,0,0,0,0,0,444,211,233
11,91,Warangal,Warangal,04,Geesugonda,578355,0036,WARD,Dharmaram,Urban,1577,6091,3036,3055,543,277,266,789,391,398,68,36,32,3813,2210,1603,2278,826,1452,2835,1644,1191,2583,1570,1013,340,203,137,821,240,581,14,5,9,1408,1122,286,252,74,178,5,3,2,152,22,130,3,0,3,92,49,43,226,67,159,5,3,2,137,21,116,2,0,2,82,43,39,26,7,19,0,0,0,15,1,14,1,0,1,10,6,4,3256,1392,1864
11,91,Warangal,Warangal,17,Khilla_Warangal,578356,0037,WARD,Vesanthpur,Urban,300,1163,574,589,113,53,60,335,160,175,24,12,12,685,399,286,478,175,303,532,316,216,483,295,188,76,64,12,252,135,117,26,5,21,129,91,38,49,21,28,3,2,1,13,1,12,10,3,7,23,15,8,46,19,27,3,2,1,12,1,11,10,3,7,21,13,8,3,2,1,0,0,0,1,0,1,0,0,0,2,2,0,631,258,373
11,91,Warangal,Warangal,17,Khilla_Warangal,578158,0038,WARD,Stambampalle,Urban,1058,4197,2115,2082,422,219,203,1145,571,574,206,100,106,2660,1515,1145,1537,600,937,1962,1208,754,1578,1131,447,171,146,25,358,115,243,19,15,4,1030,855,175,384,77,307,19,1,18,165,10,155,9,2,7,191,64,127,333,66,267,19,1,18,160,10,150,9,2,7,145,53,92,51,11,40,0,0,0,5,0,5,0,0,0,46,11,35,2235,907,1328